id,name,wallet,phone,email,bank_account,transaction_amount,last_scan,source
1,Eva Thompson,bc1qalpha123,9876543210,eva.thompson@example.com,111222333,25000,2025-10-01,CryptoExchangeX
2,Liam Harrison,bc1qbeta456,8765432109,liam.harrison@onionmail.onion,222333444,45000,2025-10-02,CryptoExchangeY
3,Mia Rodriguez,bc1qgamma789,7654321098,mia.rodriguez@example.com,333444555,12000,2025-10-03,CryptoExchangeZ
4,Noah Wilson,bc1qdelta101,6543210987,noah.wilson@onionmail.onion,444555666,5000,2025-10-04,CryptoExchangeX
5,Olivia Martinez,bc1qepsilon202,5432109876,olivia.martinez@example.com,555666777,35000,2025-10-05,CryptoExchangeY
6,Lucas Anderson,bc1qzeta303,4321098765,lucas.anderson@onionmail.onion,666777888,15000,2025-10-06,CryptoExchangeZ
7,Ava Thomas,bc1qeta404,3210987654,ava.thomas@example.com,777888999,28000,2025-10-07,CryptoExchangeX
8,Ethan White,bc1qtheta505,2109876543,ethan.white@onionmail.onion,888999000,6000,2025-10-08,CryptoExchangeY
9,Sophia Lewis,bc1qiota606,1098765432,sophia.lewis@example.com,999000111,20000,2025-10-09,CryptoExchangeZ
10,James King,bc1qkappa707,1234567890,james.king@onionmail.onion,101112131,42000,2025-10-10,CryptoExchangeX
